Juju,28,"Hello Juju, you are 28 years old."
Alice,25,"Hello Alice, you are 25 years old."
Alice,58,"Hello Alice, you are 58 years old."
Alice,58,"Hello Alice, you are 58 years old."
Alice,58,"Hello Alice, you are 58 years old."
Alice,48,"Hello Alice, you are 48 years old."
Juju,39,"Hello Juju, you are 39 years old."
JT,57,"Hello JT, you are 57 years old."
Hua,59,"Hello Hua, you are 59 years old."
Annabella,30,"Hello Annabella, you are 30 years old."
Cassie,49,"Hello Cassie, you are 49 years old."
Anna,43,"Hello Anna, you are 43 years old."
Lover,23,"Hello Lover, you are 23 years old."
Cherry,39,"Hello Cherry, you are 39 years old."
same,20,"Hello same, you are 20 years old."
Lana,32,"Hello Lana, you are 32 years old."
Juju,54,"Hello Juju, you are 54 years old."
Juju,30,"Hello Juju, you are 30 years old."
Alicw,37,"Hello Alicw, you are 37 years old."
Alicwe,31,"Hello Alicwe, you are 31 years old."
Juju,57,"Hello Juju, you are 57 years old."
Sam,59,"Hello Sam, you are 59 years old."
Jake,46,"Hello Jake, you are 46 years old."
Alex,45,"Hello Alex, you are 45 years old."
Ben,0,"Hello Ben, you are 0 years old."
Justin,22,"Hello Justin, you are 22 years old."
Long,31,"Hello Long, you are 31 years old."
Zhao,41,"Hello Zhao, you are 41 years old."
Dick,42,"Hello Dick, you are 42 years old."
Muchma,28,"Hello Muchma, you are 28 years old."
Liam,0,"Hello Liam, you are 0 years old."
Oliver,37,"Hello Oliver, you are 37 years old."
Noah,31,"Hello Noah, you are 31 years old."
Mateo,28,"Hello Mateo, you are 28 years old."
Theodore,34,"Hello Theodore, you are 34 years old."
Elijah,24,"Hello Elijah, you are 24 years old."
John,26,"Hello John, you are 26 years old."
William,44,"Hello William, you are 44 years old."
James,48,"Hello James, you are 48 years old."
Henry,29,"Hello Henry, you are 29 years old."
Benjamin,51,"Hello Benjamin, you are 51 years old."
Samuel,27,"Hello Samuel, you are 27 years old."
Thomas,38,"Hello Thomas, you are 38 years old."
Daniel,29,"Hello Daniel, you are 29 years old."
Amber,28,"Hello Amber, you are 28 years old."
Ambra,38,"Hello Ambra, you are 38 years old."
Kylo,54,"Hello Kylo, you are 54 years old."
Khai,48,"Hello Khai, you are 48 years old."
Felix,31,"Hello Felix, you are 31 years old."
Kyle,38,"Hello Kyle, you are 38 years old."
Mateao,36,"Hello Mateao, you are 36 years old."
